{"cameraMode":{"drawMode":0,"name":"Shaded","section":"Shading Mode"},"sceneLighting":true,"audioPlay":false,"sceneViewState":{"showFog":true,"showMaterialUpdate":false,"showSkybox":true,"showFlares":true,"showImageEffects":true,"showParticleSystems":true},"in2DMode":false,"pivot":{"x":0.3621610403060913,"y":1.7552406787872315,"z":0.5128775835037231},"rotation":{"x":-0.004499813076108694,"y":0.010183601640164853,"z":0.00005119988418300636,"w":0.9999514222145081},"size":0.25503963232040408,"orthographic":false}